City_ID,City,Lat,Lng,Max Temp,Humidity,Cloudiness,Wind Speed,Country,Date
0,muar,2.0442,102.5689,28.35,84,99,2.76,MY,1711328576
1,albany,42.6001,-73.9662,-1.91,74,16,1.52,US,1711328433
2,ushuaia,-54.8,-68.3,7.81,81,0,5.14,AR,1711328406
3,stanley,54.868,-1.6985,3.4,93,0,0.51,GB,1711328579
4,waitangi,-43.9535,-176.5597,17.12,89,5,1.79,NZ,1711328580
5,plettenberg bay,-34.0527,23.3716,19.87,91,100,3.48,ZA,1711328581
6,port-aux-francais,-49.35,70.2167,4.23,72,94,15.84,TF,1711328582
7,blackmans bay,-43.0167,147.3167,19.07,70,100,4.92,AU,1711328583
8,leh,34.1667,77.5833,-11.42,89,76,0.78,IN,1711328584
9,shakawe,-18.3667,21.85,17.88,80,22,1.52,BW,1711328584
10,kifri,34.6959,44.9661,12.46,94,95,4.01,IQ,1711328585
11,lompoc,34.6391,-120.4579,15.52,63,100,9.26,US,1711328311
12,edinburgh of the seven seas,-37.0676,-12.3116,15.42,61,80,3.74,SH,1711328587
13,papatowai,-46.5619,169.4708,16.79,47,100,4.57,NZ,1711328587
14,bethel,41.3712,-73.414,3.63,61,4,1.34,US,1711328561
15,itaituba,-4.2761,-55.9836,23.75,99,100,1.5,BR,1711328319
16,west island,-12.1568,96.8225,27.99,89,80,3.09,CC,1711328590
17,yellowknife,62.456,-114.3525,-4.69,42,20,7.15,CA,1711328460
18,puerto natales,-51.7236,-72.4875,9.59,96,100,0.66,CL,1711328486
19,georgetown,5.4112,100.3354,28.96,83,20,2.57,MY,1711328520
20,iskateley,67.6803,53.1512,-29.99,100,48,1.34,RU,1711328594
21,volosovo,59.4333,29.4833,2.1,97,100,1.65,RU,1711328594
22,san julian,21.0167,-102.1667,20.29,6,61,6.08,MX,1711328595
23,grytviken,-54.2811,-36.5092,-2.09,77,10,5.52,GS,1711328596
24,klyuchi,52.2667,79.1667,-1.98,88,100,6.31,RU,1711328597
25,hithadhoo,-0.6,73.0833,29.42,71,70,3.29,MV,1711328598
26,nemuro,43.3236,145.575,0.79,75,100,4.91,JP,1711328599
27,sitka,57.0531,-135.33,6.86,80,100,2.69,US,1711328394
28,carnarvon,-24.8667,113.6333,26.93,39,0,5.83,AU,1711328601
29,kodiak,57.79,-152.4072,4.73,93,100,2.57,US,1711328601
30,college,64.8569,-147.8028,5.67,50,60,0.39,US,1711328602
31,berezovyy,51.6667,135.7,-4.47,50,32,2.26,RU,1711328603
32,adamstown,-25.066,-130.1015,25.85,77,55,4.91,PN,1711328604
33,portland,45.5234,-122.6762,12.71,90,100,1.79,US,1711328545
34,qamdo,31.1667,97.2333,-1.98,24,70,2.98,CN,1711328606
35,thompson,55.7435,-97.8558,-14.91,43,0,4.63,CA,1711328606
36,amga,60.8953,131.9608,-10.95,78,52,3.82,RU,1711328607
37,bredasdorp,-34.5322,20.0403,15.99,90,8,2.1,ZA,1711328608
38,vorkuta,67.5,64.0,-32.55,100,49,0.35,RU,1711328609
39,bahir dar,11.5936,37.3908,21.74,49,91,0.67,ET,1711328427
40,carauari,-4.8828,-66.8958,23.08,94,100,0.88,BR,1711328611
41,chisineu-cris,46.5333,21.5167,4.0,80,14,1.68,RO,1711328611
42,puerto ayora,-0.7393,-90.3518,26.97,95,100,0.89,EC,1711328612
43,chonchi,-42.6128,-73.8092,13.56,98,99,0.78,CL,1711328504
44,iqaluit,63.7506,-68.5145,-10.15,78,100,5.66,CA,1711328482
45,crane,31.3974,-102.3501,19.46,16,1,13.19,US,1711328614
46,berezovo,63.9381,65.0419,-26.02,98,61,2.93,RU,1711328615
47,margaret river,-33.95,115.0667,20.2,41,81,4.04,AU,1711328616
48,lakatoro,-16.0999,167.4164,28.9,79,100,2.25,VU,1711328616
49,ribeira grande,38.5167,-28.7,14.32,75,100,7.15,PT,1711328617
50,abancay,-13.6339,-72.8814,15.68,95,98,1.78,PE,1711328618
51,jiayuguan,39.8167,98.3,8.65,38,1,1.75,CN,1711328619
52,kerikeri,-35.2268,173.9474,23.62,43,7,1.99,NZ,1711328620
53,isafjordur,66.0755,-23.124,-8.14,81,77,2.23,IS,1711328495
54,whitehorse,60.7161,-135.0538,9.43,29,40,4.63,CA,1711328226
55,anadyr,64.75,177.4833,-23.72,76,20,6.0,RU,1711328625
56,ilulissat,69.2167,-51.1,2.01,48,100,10.8,GL,1711328625
57,olonkinbyen,70.9221,-8.7187,-5.43,59,100,6.24,SJ,1711328626
58,strelka,58.0728,93.0344,-0.49,85,100,4.72,RU,1711328627
59,tiksi,71.6872,128.8694,-23.59,97,90,1.05,RU,1711328627
60,namtsy,62.7161,129.6658,-13.68,85,100,5.27,RU,1711328630
61,richards bay,-28.783,32.0377,21.29,93,53,2.49,ZA,1711328456
62,kapuskasing,49.4169,-82.4331,-3.95,33,40,2.06,CA,1711328342
63,bilibino,68.0546,166.4372,-19.02,83,19,1.57,RU,1711328633
64,karmaskaly,54.3709,56.1837,0.95,95,100,4.66,RU,1711328634
65,laojunmiao,39.8333,97.7333,5.5,45,0,2.18,CN,1711328634
66,sibay,52.7181,58.6658,-2.1,90,99,3.13,RU,1711328587
67,usinsk,65.9939,57.5281,-27.74,95,6,3.13,RU,1711328636
68,san antonio de pale,-1.4014,5.6325,28.04,81,100,2.05,GQ,1711328446
69,susuman,62.7833,148.1667,-10.84,86,99,1.81,RU,1711328637
70,san patricio,28.017,-97.5169,22.13,80,95,9.03,US,1711328638
71,guangyuan,32.442,105.823,13.87,60,96,2.06,CN,1711328639
72,okhotsk,59.3833,143.3,-4.2,88,100,2.6,RU,1711328639
73,tsiombe,-25.3,45.4833,22.12,74,5,7.97,MG,1711328640
74,adi keyh,14.8444,39.3772,16.8,58,100,1.54,ER,1711328641
75,esquel,-42.9,-71.3167,13.85,72,99,1.0,AR,1711328588
76,palangkaraya,-2.2,113.8333,26.31,91,83,1.64,ID,1711328643
77,inirida,3.8653,-67.9239,26.21,80,61,1.44,CO,1711328644
78,mao,39.8885,4.2658,13.31,71,0,2.57,ES,1711328644
79,afaahiti,-17.75,-149.2833,29.93,79,63,3.77,PF,1711328645
80,mount pearl,47.5166,-52.7813,8.51,94,100,10.8,CA,1711328412
81,sampit,-2.5333,112.95,25.67,94,98,1.54,ID,1711328647
82,port alfred,-33.5906,26.891,20.1,93,100,0.89,ZA,1711328647
83,vadso,70.0744,29.7487,-12.91,72,100,0.0,NO,1711328648
84,yamada,39.4667,141.95,10.28,66,100,2.35,JP,1711328649
85,howrah,22.5892,88.3103,25.0,94,40,2.06,IN,1711328649
86,dudinka,69.4058,86.1778,-35.74,99,17,1.79,RU,1711328471
87,malaut,30.2167,74.4833,18.65,45,0,1.76,IN,1711328651
88,barra dos coqueiros,-10.9089,-37.0386,27.01,83,40,6.17,BR,1711328516
89,ola,59.5833,151.2833,-6.21,79,100,3.3,RU,1711328652
90,fortuna,40.5982,-124.1573,12.59,93,100,5.66,US,1711328653
91,fort st. john,56.2499,-120.8529,3.94,41,75,3.6,CA,1711328635
92,papao,-17.75,-149.55,30.82,76,47,4.12,PF,1711328654
93,labrador city,52.9463,-66.9114,-14.05,43,0,3.09,CA,1711328410
94,rongelap,11.1635,166.8941,27.25,80,15,8.82,MH,1711328656
95,guilin,25.2819,110.2864,25.06,83,13,2.01,CN,1711328418
96,coari,-4.085,-63.1414,22.36,99,100,0.92,BR,1711328442
97,neftcala,39.3742,49.2472,8.63,84,100,3.98,AZ,1711328658
98,bykhaw,53.5193,30.2469,0.51,90,8,2.33,BY,1711328659
99,belyy yar,53.6039,91.3903,-0.06,51,0,5.0,RU,1711328659
100,letlhakeng,-24.0944,25.0298,19.22,65,9,4.86,BW,1711328660
101,fort mcmurray,56.7268,-111.381,0.77,64,100,3.6,CA,1711328661
102,fort bragg,35.139,-79.006,9.34,56,0,2.06,US,1711328661
103,kavaratti,10.5669,72.642,28.56,63,16,4.18,IN,1711328662
104,vila velha,-20.3297,-40.2925,26.97,87,75,2.06,BR,1711328409
105,bandar lampung,-5.4254,105.258,25.59,86,100,0.75,ID,1711328420
106,port mathurin,-19.6833,63.4167,25.98,83,100,4.89,MU,1711328664
107,zeya,53.75,127.2667,-11.4,77,14,1.31,RU,1711328665
108,shahrak,34.1074,64.3052,5.62,50,52,1.47,AF,1711328666
109,tual,-5.6667,132.75,28.68,74,89,2.81,ID,1711328666
110,nayoro,44.3506,142.4578,1.69,69,65,6.11,JP,1711328667
111,turinsk,58.0458,63.696,1.23,83,100,4.36,RU,1711328668
112,ribeira brava,32.65,-17.0667,18.35,77,22,3.92,PT,1711328668
113,hermanus,-34.4187,19.2345,16.56,70,24,3.23,ZA,1711328669
114,port blair,11.6667,92.75,25.02,88,100,0.51,IN,1711328670
115,atafu village,-8.5421,-172.5159,29.63,72,8,3.97,TK,1711328670
116,mount hagen,-5.8581,144.2274,22.42,64,20,3.09,PG,1711328671
117,frolovo,49.7713,43.6622,0.77,86,85,3.42,RU,1711328672
118,westport,41.1415,-73.3579,4.95,54,7,3.13,US,1711328538
119,bratsk,56.1325,101.6142,-1.73,75,100,4.15,RU,1711328404
120,petropavlovsk-kamchatsky,53.0452,158.6483,-2.53,84,75,4.47,RU,1711328674
121,lebu,-37.6167,-73.65,14.3,89,49,6.58,CL,1711328675
122,zhalantun,48.0,122.7167,2.12,31,0,0.85,CN,1711328676
123,masterton,-40.9597,175.6575,19.5,54,86,7.28,NZ,1711328676
124,wailua homesteads,22.0669,-159.378,26.24,67,0,6.69,US,1711328678
125,capo d'orlando,38.1435,14.7305,14.09,67,0,0.49,IT,1711328679
126,minas de marcona,-15.2119,-75.1103,18.85,83,73,4.66,PE,1711328679
127,sumbe,-11.2061,13.8437,26.59,89,56,2.23,AO,1711328680
128,flying fish cove,-10.4217,105.6791,26.82,89,75,3.6,CX,1711328681
129,ad dilam,23.9915,47.1627,25.23,32,100,7.16,SA,1711328681
130,upington,-28.4478,21.2561,24.21,57,0,1.54,ZA,1711328682
131,ad dawadimi,24.5077,44.3924,15.64,36,0,8.67,SA,1711328541
132,longyearbyen,78.2186,15.6401,-21.09,77,0,2.57,SJ,1711328599
133,atar,20.5169,-13.0499,20.46,37,0,3.26,MR,1711328685
134,tolanaro,-25.0319,46.9987,25.04,65,75,9.77,MG,1711328685
135,calama,-22.4667,-68.9333,19.27,45,0,6.69,CL,1711328648
136,saint-philippe,-21.3585,55.7679,26.17,85,100,8.38,RE,1711328687
137,arraial do cabo,-22.9661,-42.0278,23.15,93,100,6.83,BR,1711328504
138,ayr,55.4627,-4.6339,4.96,87,0,4.63,GB,1711328688
139,codrington,-38.2667,141.9667,18.19,60,99,6.57,AU,1711328689
140,revda,56.801,59.9303,-0.18,90,100,4.02,RU,1711328690
141,maun,-19.9833,23.4167,20.6,61,8,4.93,BW,1711328691
142,talnakh,69.4865,88.3972,-33.74,95,22,0.63,RU,1711328691
143,kiunga,-6.1219,141.2906,31.34,64,79,0.26,PG,1711328692
144,bambanglipuro,-7.95,110.2833,27.27,80,97,2.1,ID,1711328693
145,huarmey,-10.0681,-78.1522,23.12,86,100,3.94,PE,1711328592
146,kitimat,54.0524,-128.6534,17.21,37,29,2.24,CA,1711328624
147,sinabang,2.4803,96.3801,28.16,73,93,0.87,ID,1711328695
148,tura,25.5198,90.2201,20.67,62,33,1.24,IN,1711328696
149,kansas city,39.0997,-94.5786,12.72,71,100,4.12,US,1711328693
150,usogorsk,63.4106,48.6872,-17.96,98,100,3.37,RU,1711328698
151,avarua,-21.2078,-159.775,31.03,74,40,5.66,CK,1711328698
152,novosokol'niki,56.3463,30.1578,-1.51,94,12,2.31,RU,1711328699
153,manado,1.487,124.8455,28.43,83,40,4.63,ID,1711328700
154,sao felix do xingu,-6.6447,-51.995,23.26,99,100,0.54,BR,1711328454
155,manoharpur,27.3,75.95,20.73,38,5,2.28,IN,1711328701
156,igarka,67.4667,86.5833,-31.67,92,11,3.6,RU,1711328702
157,tazovsky,67.4667,78.7,-33.31,97,23,2.83,RU,1711328703
158,saipan,15.1355,145.701,29.39,100,75,10.29,MP,1711328694
159,cooma,-36.2333,149.1333,22.13,19,0,1.24,AU,1711328705
160,enewetak,11.3474,162.3373,27.4,78,33,8.65,MH,1711328706
161,lihue,21.9789,-159.3672,26.58,67,51,7.0,US,1711328474
162,akrehamn,59.2667,5.1833,4.14,81,7,6.17,NO,1711328707
163,hawaiian paradise park,19.5933,-154.9731,25.73,72,75,6.17,US,1711328708
164,coronel dorrego,-38.7187,-61.2873,16.28,68,8,2.85,AR,1711328708
165,robore,-18.3333,-59.75,27.09,68,100,1.68,BO,1711328709
166,dalandzadgad,43.5708,104.425,5.04,28,59,4.07,MN,1711328710
167,shingu,33.7333,135.9833,13.51,95,100,1.51,JP,1711328711
168,vorgashor,67.5833,63.95,-32.88,100,51,0.2,RU,1711328712
169,mayya,61.7333,130.2811,-16.38,81,100,5.25,RU,1711328712
170,mugia,43.1041,-9.2179,11.06,79,100,7.62,ES,1711328713
171,box elder,41.5005,-112.8764,8.04,45,56,8.3,US,1711328517
172,ocean city,39.2776,-74.5746,6.1,57,0,3.58,US,1711328712
173,qaqortoq,60.7167,-46.0333,-1.48,98,100,2.28,GL,1711328715
174,wuwei,37.9281,102.6414,9.41,49,37,1.62,CN,1711328698
175,aasiaat,68.7098,-52.8699,-7.04,87,100,0.51,GL,1711328717
176,xianyang,34.3378,108.7026,8.58,93,75,2.0,CN,1711328562
177,karratha,-20.7377,116.8463,28.09,38,0,6.39,AU,1711328532
178,antonio enes,-16.2325,39.9086,25.73,90,12,2.96,MZ,1711328542
179,bam,29.106,58.357,21.73,43,100,4.2,IR,1711328719
180,port elizabeth,-33.918,25.5701,22.28,91,0,3.09,ZA,1711328720
181,muang phonsavan,19.45,103.2167,23.39,52,0,0.92,LA,1711328721
182,harstad,68.799,16.5293,-1.58,94,100,6.71,NO,1711328721
183,binjai,3.6001,98.4854,26.97,90,56,0.78,ID,1711328722
184,kailua-kona,19.6406,-155.9956,26.95,70,12,1.34,US,1711328584
185,campo formoso,-10.5075,-40.3214,23.83,58,31,3.99,BR,1711328494
186,egilsstadir,65.2653,-14.3948,-5.05,74,75,1.03,IS,1711328724
187,tekirdag,40.978,27.5085,10.64,86,8,3.64,TR,1711328725
188,invercargill,-46.4,168.35,16.68,50,84,9.39,NZ,1711328725
189,balabac,7.9868,117.0645,28.54,75,19,6.93,PH,1711328726
190,alice springs,-23.7,133.8833,20.12,82,100,5.66,AU,1711328727
191,yaring,6.8662,101.3689,27.94,73,93,3.3,TH,1711328728
192,maiduguri,11.8464,13.1603,24.76,12,7,3.8,NG,1711328728
193,victorica,-36.2151,-65.4359,21.56,47,65,3.63,AR,1711328729
194,bria,6.5423,21.9863,27.19,53,76,0.93,CF,1711328730
195,utrik,11.2278,169.8474,27.27,73,32,8.58,MH,1711328731
196,gaiman,-43.2897,-65.4929,15.9,73,17,4.29,AR,1711328732
197,brokopondo,4.75,-55.1667,27.3,65,93,5.3,SR,1711328733
198,francistown,-21.17,27.5079,17.63,91,12,5.13,BW,1711328733
199,bom jesus,-9.0744,-44.3586,27.91,51,100,0.99,BR,1711328463
200,st. john's,47.5649,-52.7093,8.87,94,100,10.8,CA,1711328646
201,terrace,54.5163,-128.6035,16.95,21,20,1.54,CA,1711328735
202,ust-nera,64.5667,143.2,-7.36,87,100,2.98,RU,1711328736
203,chernyshevskiy,63.0128,112.4714,-19.83,94,61,1.86,RU,1711328737
204,huancavelica,-12.7667,-74.9833,6.37,88,99,0.88,PE,1711328596
205,constantia,44.1833,28.65,7.61,89,75,4.62,RO,1711328738
206,port macquarie,-31.4333,152.9167,25.5,57,0,3.54,AU,1711328487
207,rio grande,-32.035,-52.0986,21.06,80,19,1.96,BR,1711328740
208,weihai,37.5017,122.1136,4.77,95,100,3.27,CN,1711328741
209,male,4.1748,73.5089,28.97,89,20,4.12,MV,1711328742
210,doma,8.3833,8.35,29.69,30,99,0.62,NG,1711328743
211,queenstown,-31.8976,26.8753,15.27,72,73,1.18,ZA,1711328482
212,merizo village,13.2658,144.6691,29.31,89,75,9.51,GU,1711328745
213,kodinsk,58.6881,99.1844,-0.99,92,100,5.1,RU,1711328745
214,san pedro pochutla,15.7333,-96.4667,28.84,61,90,4.64,MX,1711328746
215,quellon,-43.1167,-73.6167,12.15,94,98,0.69,CL,1711328747
216,ust'-charyshskaya pristan',52.3934,83.6635,1.72,83,69,6.69,RU,1711328747
217,forster,-32.1667,152.5167,26.32,60,0,3.21,AU,1711328748
218,keflavik,64.0049,-22.5624,-0.76,69,0,6.17,IS,1711328749
219,fale old settlement,-9.3852,-171.2468,29.4,73,12,4.3,TK,1711328749
220,isna,25.2934,32.554,15.01,45,0,3.34,EG,1711328750
221,naliya,23.2667,68.8333,23.33,81,0,3.22,IN,1711328751
222,cobija,-11.0267,-68.7692,25.38,78,100,1.03,BO,1711328752
223,pointe aux piments,-20.0628,57.5131,23.62,93,100,8.89,MU,1711328752
224,udachny,66.4167,112.4,-19.38,95,100,2.97,RU,1711328492
225,port lincoln,-34.7333,135.8667,17.9,58,0,1.5,AU,1711328753
226,ozersk,55.7556,60.7028,1.29,87,100,3.79,RU,1711328754
227,gladstone,-23.85,151.25,23.96,88,75,3.6,AU,1711328462
228,badger,64.8,-147.5333,11.14,46,0,2.57,US,1711328756
229,nova vicosa,-17.8919,-39.3719,24.92,87,6,2.76,BR,1711328511
230,mana,5.6592,-53.7767,25.93,78,76,4.22,GF,1711328757
231,san jose de jachal,-30.2406,-68.7469,23.12,37,0,2.86,AR,1711328472
232,rockland,41.1668,-74.0496,4.81,53,0,1.34,US,1711328488
233,imperatriz,-5.5264,-47.4917,23.75,96,96,1.17,BR,1711328479
234,erenhot,43.6475,111.9767,2.94,41,0,3.83,CN,1711328674
235,kingston,17.997,-76.7936,27.53,79,40,3.09,JM,1711328495
236,punta arenas,-53.15,-70.9167,9.06,81,0,2.06,CL,1711328731
237,krasnohrad,49.3814,35.4402,4.95,84,100,3.73,UA,1711328762
238,chadron,42.8294,-102.9999,-3.91,86,100,7.2,US,1711328762
239,kozhevnikovo,56.2589,83.9714,0.7,87,100,6.89,RU,1711328763
240,coro,11.4045,-69.6734,26.1,83,46,4.96,VE,1711328764
241,dwarka,22.2394,68.9678,24.5,81,0,3.97,IN,1711328765
242,buala,-8.145,159.5921,28.92,79,43,1.48,SB,1711328766
243,nuku'alofa,-21.1333,-175.2,28.19,78,75,6.17,TO,1711328767
244,kapsan-up,41.0903,128.2933,4.09,97,100,1.89,KP,1711328767
245,khovd,48.0056,91.6419,-0.18,46,15,1.91,MN,1711328768
246,coahuayana de hidalgo,18.7,-103.6583,21.99,62,76,2.06,MX,1711328769
247,raahe,64.6833,24.4833,-5.95,94,100,2.83,FI,1711328769
248,kruisfontein,-34.0033,24.7314,21.05,70,100,1.75,ZA,1711328770
249,summerside,46.3959,-63.7876,0.07,64,100,4.63,CA,1711328504
250,daru,-9.0763,143.2092,30.32,69,56,2.48,PG,1711328772
251,kone,-21.0595,164.8658,28.02,66,92,2.34,NC,1711328772
252,nova sintra,14.8667,-24.7167,19.69,72,33,7.18,CV,1711328773
253,maua,-23.6678,-46.4614,20.76,93,100,1.37,BR,1711328501
254,wanning,18.8003,110.3967,26.89,75,60,5.0,CN,1711328697
255,bethanie,-26.4833,17.15,18.69,33,46,1.4,NA,1711328776
256,suoyarvi,62.0833,32.35,-6.94,99,87,1.17,RU,1711328776
257,hede,33.7681,120.2517,7.79,95,100,7.02,CN,1711328777
258,porto novo,6.4965,2.6036,29.9,85,90,4.03,BJ,1711328778
259,puerto carreno,6.189,-67.4859,31.68,48,43,2.78,CO,1711328778
260,pont-rouge,46.7566,-71.6978,-2.17,70,0,2.51,CA,1711328591
261,shimoda,34.6667,138.95,12.2,91,100,5.85,JP,1711328737
262,jemna,33.5778,9.0147,19.97,29,58,3.05,TN,1711328781
263,beidaihehaibin,39.8222,119.5181,5.32,78,100,2.21,CN,1711328723
264,alesund,62.4723,6.1549,1.85,93,75,3.6,NO,1711328782
265,zaozersk,69.4005,32.4476,-16.42,92,100,1.62,RU,1711328783
266,hadibu,12.65,54.0333,26.87,76,100,3.64,YE,1711328538
267,vegreville,53.5001,-112.0518,-0.97,57,100,6.17,CA,1711328563
268,katsuren-haebaru,26.3369,127.8719,25.78,77,75,7.2,JP,1711328785
269,nukus,42.4531,59.6103,8.99,87,0,1.03,UZ,1711328785
270,pacific grove,36.6177,-121.9166,14.94,77,75,8.49,US,1711328786
271,kupang,-10.1667,123.5833,26.32,100,75,3.6,ID,1711328718
272,poronaysk,49.2167,143.1167,-1.5,58,52,8.23,RU,1711328787
273,wysokie mazowieckie,52.9166,22.5171,1.16,84,70,3.11,PL,1711328788
274,jamestown,42.097,-79.2353,1.8,40,0,4.63,US,1711328789
275,sao desiderio,-12.3633,-44.9733,22.96,66,17,1.62,BR,1711328509
276,lazaro cardenas,17.9583,-102.2,23.67,63,15,4.32,MX,1711328550
277,paraty,-23.2178,-44.7131,22.54,96,100,0.97,BR,1711328750
278,thunder bay,48.4001,-89.3168,-3.01,93,100,3.09,CA,1711328744
279,sheikhpura,25.15,85.85,23.6,55,96,2.69,IN,1711328792
280,puerto penasco,31.3167,-113.5333,18.28,59,13,8.49,MX,1711328793
281,palasa,18.7667,84.4167,24.48,81,0,3.27,IN,1711328793
282,prince rupert,54.3161,-130.3201,10.05,71,0,1.54,CA,1711328794
283,na klang,17.3072,102.1889,28.94,52,0,1.24,TH,1711328795
284,alofi,-19.0595,-169.9187,29.94,79,75,2.06,NU,1711328795
285,dalby,-27.1833,151.2667,19.04,87,100,3.81,AU,1711328796
286,butembo,0.15,29.2833,15.09,93,78,1.12,CD,1711328797
287,baikunthpur,23.25,82.55,22.94,24,0,1.2,IN,1711328798
288,acajutla,13.5928,-89.8275,28.3,77,6,2.38,SV,1711328798
289,port isabel,26.0734,-97.2086,24.05,84,100,8.23,US,1711328701
290,hinton,53.4001,-117.5857,0.86,83,100,1.3,CA,1711328526
291,cromer,52.9312,1.2989,3.0,77,21,2.27,GB,1711328771
292,dryden,49.7833,-92.7503,-6.5,68,100,3.47,CA,1711328801
293,chibougamau,49.9168,-74.3659,-16.21,51,0,0.0,CA,1711328545
294,guerrero negro,27.9769,-114.0611,16.13,58,8,10.85,MX,1711328557
295,usakos,-22.0,15.6,23.71,45,51,2.03,NA,1711328803
296,bor,56.3567,44.0669,3.96,92,100,5.59,RU,1711328804
297,dakoro,14.5106,6.765,24.71,10,95,5.26,NE,1711328804
298,prieska,-29.6641,22.7474,23.34,46,100,2.38,ZA,1711328805
299,taro,-8.3862,115.28,25.0,74,100,0.2,ID,1711328806
300,sabang,5.8933,95.3214,29.11,72,96,5.91,ID,1711328806
301,grand-lahou,5.1367,-5.0242,27.23,86,77,3.61,CI,1711328807
302,lautoka,-17.6167,177.4667,29.92,79,40,4.12,FJ,1711328808
303,baglung,28.2719,83.5898,14.36,68,8,2.14,NP,1711328808
304,labytnangi,66.6572,66.4183,-31.87,91,14,1.95,RU,1711328809
305,rosarito,32.3333,-117.0333,14.77,77,45,10.79,MX,1711328370
306,holualoa,19.6228,-155.9522,24.88,70,21,1.34,US,1711328607
307,bandar-e lengeh,26.5579,54.8807,26.77,56,100,4.76,IR,1711328811
308,nanao,37.05,136.9667,11.26,76,100,5.09,JP,1711328729
309,broken hill,-31.95,141.4333,20.78,25,0,4.04,AU,1711328518
310,parkville,39.3773,-76.5397,6.97,57,0,0.89,US,1711328582
311,tanjungtiram,4.0613,98.3699,26.58,84,98,0.99,ID,1711328814
312,franceville,-1.6333,13.5836,22.22,97,67,0.83,GA,1711328815
313,kargil,34.5667,76.1,-15.47,95,98,0.9,IN,1711328815
314,qarqaraly,49.4058,75.4742,-2.16,93,100,4.61,KZ,1711328816
315,bonthe,7.5264,-12.505,25.53,76,100,2.57,SL,1711328817
316,bamboo flat,11.7,92.7167,25.05,88,100,0.51,IN,1711328817
317,north bay,46.3168,-79.4663,-2.99,39,75,2.06,CA,1711328772
318,korla,41.7597,86.1469,11.08,46,100,2.1,CN,1711328819
319,mokhsogollokh,61.4681,128.9203,-14.32,80,100,4.23,RU,1711328819
320,mutuali,-14.8706,37.0044,19.68,97,98,1.22,MZ,1711328820
321,berdigestyakh,62.0989,126.6992,-11.49,92,100,4.57,RU,1711328821
322,uturoa,-16.7333,-151.4333,28.71,72,13,3.35,PF,1711328822
323,mejit,10.2753,170.8646,27.15,74,0,9.0,MH,1711328822
324,mongo,12.1844,18.693,25.59,12,94,3.54,TD,1711328823
325,brookings,44.3114,-96.7984,-0.46,93,100,7.2,US,1711328779
326,pindushi,62.9152,34.58,-4.87,97,100,2.35,RU,1711328824
327,kununurra,-15.7667,128.7333,29.99,74,40,3.09,AU,1711328825
328,gadzhiyevo,69.2551,33.3362,-17.05,92,100,3.0,RU,1711328826
329,illizi,26.4833,8.4667,21.06,15,68,4.86,DZ,1711328826
330,diamantino,-14.4086,-56.4461,24.11,87,77,1.25,BR,1711328598
331,novyy urgal,51.0736,132.5642,-12.04,75,63,0.27,RU,1711328828
332,nar'yan-mar,67.6713,53.087,-29.94,100,45,1.34,RU,1711328829
333,goure,13.9835,10.2704,23.85,11,99,4.15,NE,1711328829
334,kulhudhuffushi,6.6221,73.07,28.5,75,71,4.6,MV,1711328830
335,severo-yeniseyskiy,60.3725,93.0408,-2.46,93,100,6.26,RU,1711328831
336,smithers,54.7804,-127.1743,15.18,18,0,1.03,CA,1711328711
337,stanthorpe,-28.6667,151.95,17.46,94,100,2.23,AU,1711328833
338,kattivakkam,13.2167,80.3167,25.05,78,0,2.21,IN,1711328834
339,nuuk,64.1835,-51.7216,0.34,86,100,10.29,GL,1711328816
340,broome,42.2506,-75.833,-1.79,68,0,2.06,US,1711328835
341,grants pass,42.439,-123.3284,13.81,73,100,2.57,US,1711328644
342,quimili,-27.6333,-62.4167,26.3,53,0,4.35,AR,1711328823
343,dawson creek,55.7666,-120.2362,1.8,58,96,1.76,CA,1711328839
344,palikir - national government center,6.9248,158.1611,30.47,70,100,6.69,FM,1711328839
345,bel ombre,-4.6167,55.4167,28.36,77,100,2.37,SC,1711328841
346,hami,42.8,93.45,10.13,49,9,2.71,CN,1711328841
347,takoradi,4.8845,-1.7554,27.14,86,13,3.3,GH,1711328842
348,la passe,45.5549,-0.8967,5.55,89,34,2.86,FR,1711328844
349,siwa oasis,29.2041,25.5195,14.45,50,0,3.07,EG,1711328844
350,east london,-33.0153,27.9116,23.35,80,100,9.47,ZA,1711328750
351,warren,39.4334,-84.1666,8.96,50,0,3.6,US,1711328606
352,wad az zaki,14.4619,32.2065,25.16,13,100,5.63,SD,1711328846
353,khairpur mir's,27.5295,68.7617,27.28,27,77,3.81,PK,1711328847
354,cill airne,52.05,-9.5167,9.03,99,100,0.94,IE,1711328848
355,happy valley-goose bay,53.3168,-60.3315,-10.83,73,75,5.66,CA,1711328848
356,ballina,-28.8667,153.5667,21.14,81,100,2.32,AU,1711328849
357,makhambet,47.6667,51.5833,7.92,76,100,1.59,KZ,1711328850
358,ulladulla,-35.35,150.4667,22.68,43,0,2.13,AU,1711328850
359,aioun,16.6614,-9.6149,25.87,18,81,3.58,MR,1711328851
360,suva,-18.1416,178.4415,28.71,79,75,2.06,FJ,1711328852
361,nouadhibou,20.931,-17.0347,18.99,88,0,1.03,MR,1711328853
362,hasaki,35.7333,140.8333,13.22,83,100,6.33,JP,1711328707
363,krasnotur'insk,59.7666,60.2086,-10.81,95,87,2.32,RU,1711328854
364,petrolina,-9.3986,-40.5008,26.03,73,20,1.54,BR,1711328739
365,mandan,46.8267,-100.8896,-5.01,90,40,8.23,US,1711328855
366,ust'-kut,56.7938,105.7672,-0.78,90,100,4.99,RU,1711328792
367,vilyuchinsk,52.9306,158.4028,-1.71,91,100,1.48,RU,1711328857
368,weyburn,49.6668,-103.8511,-5.58,59,100,4.6,CA,1711328857
369,peterhead,57.5058,-1.7981,1.36,78,100,1.51,GB,1711328859
370,titlagarh,20.3,83.15,25.39,53,0,1.52,IN,1711328859
371,turtas,58.9417,69.1325,-2.94,92,100,4.16,RU,1711328860
372,bac kan,22.1333,105.8333,22.77,95,100,0.59,VN,1711328861
373,horta,38.5333,-28.6333,13.9,75,100,6.71,PT,1711328862
374,arteche,12.2645,125.4048,26.68,80,100,3.71,PH,1711328863
375,bodaybo,57.8506,114.1933,-1.64,90,100,3.27,RU,1711328788
376,colonia,50.9333,6.95,6.08,84,40,4.63,DE,1711328859
377,kamloops,50.6665,-120.3192,14.55,10,20,3.6,CA,1711328149
378,tvoroyri,61.5556,-6.8111,3.1,66,100,6.76,FO,1711328865
379,cidreira,-30.1811,-50.2056,22.13,89,6,4.94,BR,1711328866
380,ust'-barguzin,53.45,108.9833,-2.85,76,40,0.27,RU,1711328867
381,le port,-20.9373,55.2919,26.39,82,95,2.96,RE,1711328867
382,ormara,25.2088,64.6357,24.9,79,0,4.6,PK,1711328868
383,newman,37.3138,-121.0208,17.13,56,30,6.26,US,1711328869
384,sona,45.4388,10.8255,6.75,75,0,3.6,IT,1711328869
385,cooper's town,26.8667,-77.5167,22.63,73,0,10.09,BS,1711328870
386,puerto baquerizo moreno,-0.9,-89.6,26.72,80,34,0.73,EC,1711328871
387,ancud,-41.8697,-73.8203,12.54,87,100,1.79,CL,1711328871
388,diego de almagro,-26.3667,-70.05,18.07,66,0,1.22,CL,1711328872
389,ambodifotatra,-16.9833,49.85,27.21,80,100,9.07,MG,1711328840
390,lincoln,40.8,-96.667,10.95,85,100,11.32,US,1711328873
391,luwingu,-10.2621,29.9271,15.94,97,100,1.56,ZM,1711328874
392,carutapera,-1.195,-46.02,24.84,94,100,1.82,BR,1711328587
393,sol'-iletsk,51.1631,54.9918,0.21,92,100,2.16,RU,1711328875
394,haiku-pauwela,20.9219,-156.3051,26.81,63,20,10.8,US,1711328876
395,mount isa,-20.7333,139.5,26.87,83,100,3.09,AU,1711328877
396,lorengau,-2.0226,147.2712,30.09,69,45,2.87,PG,1711328877
397,mata-utu,-13.2816,-176.1745,29.75,73,96,4.73,WF,1711328878
398,puerto armuelles,8.2833,-82.8667,28.99,65,75,0.45,PA,1711328879
399,opuwo,-18.0607,13.84,20.35,62,19,1.38,NA,1711328879
400,tommot,58.9564,126.2925,-6.2,81,100,1.95,RU,1711328880
401,arroyo,41.6096,-4.7969,10.62,75,0,2.57,ES,1711328881
402,lewiston orchards,46.3804,-116.9754,8.26,82,100,1.17,US,1711328882
403,ubari,26.5921,12.7805,16.01,28,0,3.96,LY,1711328882
404,hangu,39.2489,117.7892,7.02,70,100,1.49,CN,1711328883
405,kourou,5.1552,-52.6478,24.03,78,47,3.34,GF,1711328640
406,limon,10.0,-83.0333,26.14,75,99,1.41,CR,1711328884
407,la rinconada,37.4873,-5.9826,16.14,93,100,2.57,ES,1711328885
408,polyarnyy,69.1989,33.4478,-16.25,89,100,2.89,RU,1711328886
409,nadym,65.5333,72.5167,-28.83,90,17,4.13,RU,1711328886
410,bogorodskoye,56.55,37.8833,4.03,95,100,6.48,RU,1711328887
411,pervomayskiy,53.2485,40.2871,2.42,86,100,5.06,RU,1711328888
412,taoudenni,22.6783,-3.9836,28.88,32,100,6.39,ML,1711328888
413,port moresby,-9.4431,147.1797,30.32,68,15,2.48,PG,1711328889
414,malango,-2.9627,119.9001,24.87,86,100,0.49,ID,1711328890
415,marsala,37.7966,12.4352,14.44,87,65,1.63,IT,1711328890
416,mujiayingzi,42.1167,118.7833,2.54,24,100,1.67,CN,1711328689
417,cascais,38.6979,-9.4215,16.08,81,100,6.71,PT,1711328892
418,ciudad constitucion,25.0369,-111.6644,17.18,50,88,10.21,MX,1711328893
419,nadi,-17.8,177.4167,30.0,79,40,4.12,FJ,1711328893
420,glace bay,46.1969,-59.957,-0.68,78,100,4.47,CA,1711328894
421,tindouf,27.6711,-8.1474,15.85,48,1,4.13,DZ,1711328895
422,jumla,29.2747,82.1838,7.02,74,94,1.2,NP,1711328895
423,paarl,-33.7338,18.9752,16.62,73,8,2.18,ZA,1711328760
424,mo i rana,66.3128,14.1428,-7.74,79,70,2.24,NO,1711328897
425,ilhabela,-23.7781,-45.3581,22.82,88,100,0.77,BR,1711328781
426,road town,18.4167,-64.6167,27.02,78,40,3.6,VG,1711328746
427,piacabucu,-10.4056,-36.4344,25.85,84,12,2.74,BR,1711328899
428,boende,-0.2167,20.8667,22.81,96,100,1.38,CD,1711328899
429,ulanhot,46.0833,122.0833,2.66,30,0,1.96,CN,1711328698
430,el hadjira,32.6134,5.5126,20.99,21,92,4.97,DZ,1711328901
431,west bay,19.3667,-81.4167,26.15,73,20,3.09,KY,1711328901
432,pisco,-13.7,-76.2167,23.03,78,0,5.66,PE,1711328902
433,sorong,-0.8833,131.25,28.06,82,98,1.48,ID,1711328729
434,sisimiut,66.9395,-53.6735,-2.09,73,100,2.72,GL,1711328903
435,wau,7.7029,27.9953,27.9,23,85,2.07,SS,1711328904
436,fisterra,42.9049,-9.2629,10.97,78,100,9.31,ES,1711328905
437,east independence,39.0956,-94.3552,12.88,64,100,1.79,US,1711328906
438,dhing,26.4667,92.4667,21.22,72,99,2.78,IN,1711328906
439,pandan,14.0453,124.1694,27.71,72,38,4.87,PH,1711328907
440,smara,26.7384,-11.6719,16.05,65,2,2.29,EH,1711328908
441,selkirk,50.1436,-96.8845,-6.02,65,100,5.09,CA,1711328908
442,uttarkashi,30.7333,78.45,11.92,36,0,3.63,IN,1711328909
443,youkounkoun,12.5333,-13.1333,26.71,22,85,1.5,GN,1711328910
444,chichimila,20.6167,-88.2167,24.87,53,49,2.92,MX,1711328910
445,devarkonda,16.7,78.9333,23.77,62,0,1.78,IN,1711328836
446,slavutych,51.5196,30.7343,-0.45,84,43,1.61,UA,1711328912
447,bishkul,54.7803,69.1033,-1.75,94,100,5.66,KZ,1711328912
448,nazareno,25.3833,-103.4167,29.17,8,100,10.48,MX,1711328913
449,arkhangel'sk,64.5401,40.5433,-8.82,67,75,6.0,RU,1711328914
450,watford city,47.8022,-103.2832,-6.03,100,100,6.17,US,1711328642
451,pavlohrad,48.5167,35.8667,3.98,92,16,3.42,UA,1711328915
452,argo,37.6333,22.7333,12.66,76,100,2.33,GR,1711328916
453,el calafate,-50.3408,-72.2768,11.54,87,100,1.41,AR,1711328916
454,taltal,-25.4,-70.4833,18.83,84,9,0.52,CL,1711328917
455,bikenibeu village,1.3673,173.1241,26.98,94,75,1.54,KI,1711328918
456,greenville,35.6127,-77.3663,7.29,63,0,3.09,US,1711328919
457,remire-montjoly,4.9167,-52.2667,24.02,88,0,0.0,GF,1711328920
458,freetown,8.484,-13.2299,25.8,71,100,2.93,SL,1711328921
459,dunedin,-45.8742,170.5036,16.0,76,100,5.36,NZ,1711328921
460,beloyarskiy,63.7119,66.6722,-24.5,99,96,2.17,RU,1711328922
461,kayenta,36.7278,-110.2546,4.51,54,34,6.65,US,1711328923
462,camanducaia,-22.7553,-46.1447,17.0,98,100,1.11,BR,1711328645
463,essaouira,31.5125,-9.77,15.46,83,7,6.72,MA,1711328924
464,busayra,30.7376,35.6078,5.94,75,95,4.24,JO,1711328925
465,kipushi,-11.7667,27.2333,15.8,98,98,1.74,CD,1711328925
466,ciudad lazaro cardenas,17.9583,-102.2,23.67,63,15,4.32,MX,1711328839
467,qina,26.1642,32.7267,14.96,46,0,2.28,EG,1711328927
468,reggane,26.7158,0.1714,29.69,23,94,9.58,DZ,1711328927
469,sur,22.5667,59.5289,26.73,49,44,4.82,OM,1711328928
470,nishinoomote,30.7333,131.0,21.28,90,100,7.9,JP,1711328928
471,salinopolis,-0.6136,-47.3561,25.66,89,100,3.0,BR,1711328780
472,flin flon,54.7682,-101.865,-12.83,85,72,3.14,CA,1711328930
473,tomatlan,19.9333,-105.25,23.13,50,6,2.92,MX,1711328931
474,satipo,-11.2522,-74.6386,23.29,96,94,0.78,PE,1711328931
475,lake havasu city,34.4839,-114.3224,18.59,29,78,5.14,US,1711328844
476,praia da vitoria,38.7333,-27.0667,13.75,80,100,7.97,PT,1711328933
477,kotlas,61.2611,46.6556,-2.19,95,100,2.68,RU,1711328934
478,warrnambool,-38.3833,142.4833,17.15,68,97,7.48,AU,1711328934
479,hell-ville,-13.4,48.2667,27.82,80,97,4.47,MG,1711328935
480,mitrofanovka,49.9708,39.6939,5.85,84,13,4.01,RU,1711328936
481,ta`u,-14.2336,-169.5144,29.46,70,27,3.65,AS,1711328936
482,tangalle,6.024,80.7911,25.09,90,73,4.21,LK,1711328937
483,cavelossim,15.1726,73.9419,25.99,65,42,0.98,IN,1711328938
484,tidjikja,18.5564,-11.4271,23.15,25,25,4.11,MR,1711328938
485,miyako,39.6367,141.9525,9.9,67,100,1.9,JP,1711328939
486,port-vila,-17.7338,168.3219,26.78,94,100,5.14,VU,1711328940
487,pingliang,35.5392,106.6861,7.87,53,0,0.99,CN,1711328690
488,isangel,-19.55,169.2667,28.06,83,100,3.6,VU,1711328868
489,maholi,27.6667,80.4667,20.89,23,62,2.36,IN,1711328943
490,alta,69.9689,23.2717,-10.41,71,31,6.26,NO,1711328944
491,kavieng,-2.5744,150.7967,29.99,68,48,3.48,PG,1711328945
492,tyre,33.2733,35.1939,14.56,66,46,4.42,LB,1711328945
493,gogrial,8.5332,28.1004,30.57,21,100,1.1,SS,1711328946
494,acapulco de juarez,16.8634,-99.8901,24.9,83,75,5.66,MX,1711328735
495,mariehamn,60.0973,19.9348,-1.21,80,100,3.6,AX,1711328947
496,balikpapan,-1.2675,116.8289,28.55,84,20,4.12,ID,1711328948
497,leiyang,26.4024,112.8591,20.86,87,45,3.21,CN,1711328949
498,ambovombe,-25.1667,46.0833,22.2,75,18,9.52,MG,1711328840
499,qaisumah,28.3112,46.1273,18.98,88,40,2.06,SA,1711328950
500,walvis bay,-22.9575,14.5053,16.16,73,100,4.49,NA,1711328951
501,misratah,32.3754,15.0925,17.52,47,53,6.15,LY,1711328840
502,kapa'a,22.0752,-159.319,26.99,66,0,6.69,US,1711328952
503,singtam,27.2333,88.5,19.23,84,100,0.38,IN,1711328953
504,luderitz,-26.6481,15.1594,15.39,76,100,3.64,NA,1711328953
505,hammerfest,70.6634,23.6821,-6.75,63,17,2.06,NO,1711328954
506,hoi an,15.8794,108.335,26.98,84,0,2.21,VN,1711328905
507,lindsay,36.203,-119.0882,15.11,70,0,3.09,US,1711328867
508,kaa-khem,51.6833,94.7333,-15.33,92,79,1.0,RU,1711328956
509,zamora,-4.0692,-78.9567,21.8,98,95,1.34,EC,1711328957
510,barsana,27.65,77.3833,21.36,38,6,2.08,IN,1711328958
511,kapoeta,4.7717,33.5903,27.62,52,23,2.8,SS,1711328960
512,santa ana de yacuma,-13.75,-65.4333,24.95,87,56,1.37,BO,1711328960
513,saint-joseph,-21.3667,55.6167,25.61,84,96,8.78,RE,1711328961
514,bushehr,28.9684,50.8385,22.16,71,100,11.97,IR,1711328962
515,rudsar,37.1376,50.288,10.84,92,99,1.58,IR,1711328839
516,vyerkhnyadzvinsk,55.7815,27.9443,0.0,93,17,2.92,BY,1711328963
517,lincoln city,44.9582,-124.0179,12.05,87,79,4.92,US,1711328766
518,pemba,-12.974,40.5178,24.39,94,40,3.6,MZ,1711328964
519,al jawf,29.5,38.75,10.62,66,9,3.74,SA,1711328965
520,bafia,4.75,11.2333,23.2,92,100,1.35,CM,1711328966
521,hilo,19.7297,-155.09,25.85,73,75,6.17,US,1711328683
522,xique xique,-10.8217,-42.7311,27.51,48,13,6.0,BR,1711328826
523,pemangkat,1.1667,108.9667,26.34,87,100,3.7,ID,1711328968
524,geraldton,-28.7667,114.6,24.23,31,0,8.75,AU,1711328968
525,wynyard,-41.0,145.7167,17.5,60,33,6.79,AU,1711328969
526,nagrota,32.05,76.0833,18.51,46,0,2.69,IN,1711328970
527,zheleznogorsk-ilimskiy,56.5768,104.1217,-4.8,93,100,4.02,RU,1711328971
528,anaconda,46.1285,-112.9423,-2.45,93,98,1.95,US,1711328971
529,klaksvik,62.2266,-6.589,0.51,65,100,5.05,FO,1711328972
530,liaozhong,41.5061,122.7242,5.15,30,100,5.15,CN,1711328973
531,magadan,59.5667,150.8,-5.13,77,100,3.41,RU,1711328713
532,ciutadella,40.0011,3.8414,13.45,73,100,5.11,ES,1711328974
533,kadipur,26.1667,82.3833,21.51,33,22,2.05,IN,1711328974
534,coquimbo,-29.9533,-71.3436,17.56,89,50,2.53,CL,1711328975
535,lang son,21.8333,106.7333,22.82,87,100,1.34,VN,1711328976
536,raduzhny,62.0961,77.475,-11.98,95,100,4.23,RU,1711328977
537,mahenge,-8.6833,36.7167,17.3,99,100,1.18,TZ,1711328977
538,progreso,21.2833,-89.6667,28.06,78,57,7.79,MX,1711328978
539,piton saint-leu,-21.2196,55.3151,24.45,73,100,11.83,RE,1711328979
540,ayancik,41.9447,34.5861,8.95,61,100,2.38,TR,1711328979
541,galle,6.0367,80.217,25.34,87,71,2.01,LK,1711328980
542,bandar abbas,27.1865,56.2808,24.99,69,100,3.09,IR,1711328981
543,antalaha,-14.9003,50.2788,24.54,93,100,3.83,MG,1711328982
544,augusta,48.3667,10.8833,3.89,75,100,6.69,DE,1711328921
545,christchurch,-43.5333,172.6333,23.56,43,100,5.14,NZ,1711328684
546,veraval,20.9,70.3667,23.94,79,0,4.64,IN,1711328984
547,jinka,5.65,36.65,19.82,64,92,0.74,ET,1711328985
548,kristiansund,63.1115,7.732,0.36,93,100,4.12,NO,1711328985
549,okha,53.5739,142.9478,-1.65,95,100,7.09,RU,1711328737
550,cuito,-12.3833,16.9333,14.83,88,1,0.29,AO,1711328987
551,toliara,-23.35,43.6667,26.17,60,6,8.3,MG,1711328988
552,acarau,-2.8856,-40.12,26.01,85,100,4.34,BR,1711328926
553,la mure,44.9026,5.7866,0.52,90,26,1.19,FR,1711328989
554,new norfolk,-42.7826,147.0587,19.72,77,100,4.29,AU,1711328990
555,hotan,37.0997,79.9269,10.78,38,81,2.23,CN,1711328990
556,bekondo,4.6819,9.3214,23.33,97,98,0.42,CM,1711328991
557,tarinkot,32.6268,65.8733,15.42,39,5,2.47,AF,1711328992
558,komatipoort,-25.4332,31.9548,23.36,97,100,2.32,ZA,1711328992
559,qingyuan,23.7,113.0333,24.99,81,93,2.58,CN,1711328993
560,arauquita,7.0292,-71.4281,29.31,46,41,1.51,CO,1711328994
561,ulsan,35.5372,129.3167,11.1,82,100,4.84,KR,1711328994
562,hovd,48.0056,91.6419,-0.18,46,15,1.91,MN,1711328995
563,garoowe,8.4054,48.4845,21.33,93,100,3.8,SO,1711328996
564,beau vallon,-20.4189,57.6953,23.45,81,100,10.13,MU,1711328996
565,tokar,18.4254,37.729,23.65,59,6,3.36,SD,1711328997
566,dapa,9.7594,126.0531,26.75,87,100,4.16,PH,1711328998
567,kirensk,57.7853,108.1119,-1.13,90,100,5.81,RU,1711328998
568,waingapu,-9.6567,120.2641,28.5,76,50,3.06,ID,1711328733
569,sechura,-5.5569,-80.8222,25.59,68,70,6.87,PE,1711329000
570,champerico,14.3,-91.9167,28.58,78,7,3.05,GT,1711329000
571,sosnovo-ozerskoye,52.5249,111.5418,-5.18,73,89,2.79,RU,1711329001
572,souillac,-20.5167,57.5167,22.97,83,100,9.72,MU,1711329002
573,madang,-5.2246,145.7966,30.32,67,52,1.77,PG,1711329002
574,blackwater,-23.5833,148.8833,22.48,83,100,4.36,AU,1711329003
575,sierra grande,-41.606,-65.3557,18.11,45,100,2.67,AR,1711329004
576,north bend,43.4065,-124.2243,11.26,76,100,3.6,US,1711328711
577,bereznik,62.8551,42.7072,-6.84,94,100,3.46,RU,1711329005
578,hwange,-18.3693,26.5019,21.6,63,2,3.18,ZW,1711329006
579,apatity,67.5641,33.4031,-16.86,91,100,2.68,RU,1711329006
580,kermit,31.8576,-103.0927,18.91,18,100,13.38,US,1711329007
581,santa elena de uairen,4.6167,-61.1333,21.25,84,100,0.58,VE,1711329008
582,bubaque,11.2833,-15.8333,25.27,66,100,7.83,GW,1711329009
583,segezha,63.7415,34.3222,-7.28,95,100,3.02,RU,1711329009
584,harper,4.375,-7.7169,26.62,89,97,2.31,LR,1711329010
585,ijevan,40.8783,45.1492,6.09,99,100,1.7,AM,1711328857
586,pyay,18.8167,95.2167,26.31,42,57,1.67,MM,1711328842
587,whangarei,-35.7317,174.3239,24.02,40,1,2.91,NZ,1711329012
588,santa eularia des riu,38.9846,1.5341,14.95,83,0,9.77,ES,1711329013
589,santiago de cao,-7.9589,-79.2392,22.07,88,20,3.6,PE,1711329013
590,danielskuil,-28.1887,23.5395,18.24,52,76,6.04,ZA,1711329014
591,olyokminsk,60.3736,120.4264,-4.08,84,95,4.8,RU,1711329015
592,mogocha,53.7333,119.7667,-3.89,66,22,1.27,RU,1711329016
593,naze,28.3667,129.4833,21.51,81,98,7.03,JP,1711328729
594,ocampo,21.65,-101.5,18.89,6,35,9.22,MX,1711329017
595,villa gesell,-37.2639,-56.973,20.03,85,0,5.35,AR,1711329018
596,puerto lempira,15.2667,-83.7667,26.21,73,5,4.63,HN,1711329019
597,yerofey pavlovich,53.9667,121.9667,-6.32,72,53,1.5,RU,1711329019
598,dickinson,29.4608,-95.0513,21.76,82,75,5.14,US,1711329020
599,mirnyy,62.5353,113.9611,-18.12,93,84,4.46,RU,1711329021
600,mahdia,35.5047,11.0622,17.97,69,100,3.59,TN,1711329023
601,charters towers,-20.1,146.2667,23.93,91,100,2.69,AU,1711329024
602,kenai,60.5544,-151.2583,8.05,70,100,6.69,US,1711329024
603,cidade velha,14.9167,-23.6167,21.26,73,40,7.2,CV,1711329025
604,sanming,26.2486,117.6186,25.12,76,100,1.48,CN,1711329026
605,jasdan,22.0333,71.2,23.54,64,2,4.45,IN,1711328781
